loss,calculate_reconstruction_loss,calculate_kl_loss
3.0830865237880105,0.8453441858291626,0.5529299974441528
1.1821001873611432,0.7839069366455078,0.5554356575012207
0.8431077709400245,0.7558436989784241,0.5591795444488525
0.7582869239965815,0.7226986885070801,0.5652388334274292
0.7460799159855865,0.717359721660614,0.5667323470115662
